<?xml version="1.0" encoding="UTF-8"?>
<project-private xmlns="http://www.netbeans.org/ns/project-private/1">
    <editor-bookmarks xmlns="http://www.netbeans.org/ns/editor-bookmarks/2" lastBookmarkId="0"/>
    <open-files xmlns="http://www.netbeans.org/ns/projectui-open-files/2">
        <group>
            <file>file:/C:/AD2324/Tema2/AD_Tema_02_MetaData_Sánchez_José_Raúl_a/src/controladores/CtrlConexion.java</file>
            <file>file:/C:/AD2324/Tema2/AD_Tema_02_MetaData_Sánchez_José_Raúl_a/src/vistas/PantallaPrincipal.java</file>
        </group>
    </open-files>
</project-private>
